symbol,exchange,currency,region,price_scale
AAPL,XNYS,USD,US,1.0
MSFT,XNYS,USD,US,1.0
NVDA,XNYS,USD,US,1.0
AMZN,XNYS,USD,US,1.0
GOOGL,XNYS,USD,US,1.0
META,XNYS,USD,US,1.0
BRK-B,XNYS,USD,US,1.0
TSLA,XNYS,USD,US,1.0
AVGO,XNYS,USD,US,1.0
JPM,XNYS,USD,US,1.0
LLY,XNYS,USD,US,1.0
V,XNYS,USD,US,1.0
UNH,XNYS,USD,US,1.0
XOM,XNYS,USD,US,1.0
MA,XNYS,USD,US,1.0
JNJ,XNYS,USD,US,1.0
PG,XNYS,USD,US,1.0
COST,XNYS,USD,US,1.0
HD,XNYS,USD,US,1.0
ABBV,XNYS,USD,US,1.0
WMT,XNYS,USD,US,1.0
BAC,XNYS,USD,US,1.0
NFLX,XNYS,USD,US,1.0
CRM,XNYS,USD,US,1.0
KO,XNYS,USD,US,1.0
CVX,XNYS,USD,US,1.0
MRK,XNYS,USD,US,1.0
AMD,XNYS,USD,US,1.0
PEP,XNYS,USD,US,1.0
TMO,XNYS,USD,US,1.0
ORCL,XNYS,USD,US,1.0
CSCO,XNYS,USD,US,1.0
ACN,XNYS,USD,US,1.0
ADBE,XNYS,USD,US,1.0
MCD,XNYS,USD,US,1.0
LIN,XNYS,USD,US,1.0
ABT,XNYS,USD,US,1.0
WFC,XNYS,USD,US,1.0
TXN,XNYS,USD,US,1.0
DHR,XNYS,USD,US,1.0
IBM,XNYS,USD,US,1.0
GE,XNYS,USD,US,1.0
CAT,XNYS,USD,US,1.0
PM,XNYS,USD,US,1.0
INTU,XNYS,USD,US,1.0
QCOM,XNYS,USD,US,1.0
VZ,XNYS,USD,US,1.0
AMGN,XNYS,USD,US,1.0
ISRG,XNYS,USD,US,1.0
DIS,XNYS,USD,US,1.0
NOW,XNYS,USD,US,1.0
CMCSA,XNYS,USD,US,1.0
SPGI,XNYS,USD,US,1.0
PFE,XNYS,USD,US,1.0
GS,XNYS,USD,US,1.0
UBER,XNYS,USD,US,1.0
AMAT,XNYS,USD,US,1.0
UNP,XNYS,USD,US,1.0
RTX,XNYS,USD,US,1.0
BKNG,XNYS,USD,US,1.0
LOW,XNYS,USD,US,1.0
AXP,XNYS,USD,US,1.0
T,XNYS,USD,US,1.0
HON,XNYS,USD,US,1.0
NKE,XNYS,USD,US,1.0
BLK,XNYS,USD,US,1.0
SYK,XNYS,USD,US,1.0
PGR,XNYS,USD,US,1.0
ELV,XNYS,USD,US,1.0
NEE,XNYS,USD,US,1.0
TJX,XNYS,USD,US,1.0
LMT,XNYS,USD,US,1.0
BA,XNYS,USD,US,1.0
MDT,XNYS,USD,US,1.0
COP,XNYS,USD,US,1.0
DE,XNYS,USD,US,1.0
ADP,XNYS,USD,US,1.0
SBUX,XNYS,USD,US,1.0
GILD,XNYS,USD,US,1.0
C,XNYS,USD,US,1.0
PLD,XNYS,USD,US,1.0
MMC,XNYS,USD,US,1.0
BX,XNYS,USD,US,1.0
MDLZ,XNYS,USD,US,1.0
ADI,XNYS,USD,US,1.0
VRTX,XNYS,USD,US,1.0
CB,XNYS,USD,US,1.0
REGN,XNYS,USD,US,1.0
LRCX,XNYS,USD,US,1.0
SCHW,XNYS,USD,US,1.0
ETN,XNYS,USD,US,1.0
MU,XNYS,USD,US,1.0
KLAC,XNYS,USD,US,1.0
CI,XNYS,USD,US,1.0
CMG,XNYS,USD,US,1.0
ANET,XNYS,USD,US,1.0
PANW,XNYS,USD,US,1.0
MO,XNYS,USD,US,1.0
SO,XNYS,USD,US,1.0
BSX,XNYS,USD,US,1.0
ZTS,XNYS,USD,US,1.0
WM,XNYS,USD,US,1.0
CVS,XNYS,USD,US,1.0
TGT,XNYS,USD,US,1.0
ITW,XNYS,USD,US,1.0
EQIX,XNYS,USD,US,1.0
MS,XNYS,USD,US,1.0
APH,XNYS,USD,US,1.0
BDX,XNYS,USD,US,1.0
EOG,XNYS,USD,US,1.0
CL,XNYS,USD,US,1.0
DUK,XNYS,USD,US,1.0
PNC,XNYS,USD,US,1.0
SLB,XNYS,USD,US,1.0
ICE,XNYS,USD,US,1.0
PYPL,XNYS,USD,US,1.0
CME,XNYS,USD,US,1.0
NOC,XNYS,USD,US,1.0
FDX,XNYS,USD,US,1.0
SHW,XNYS,USD,US,1.0
EMR,XNYS,USD,US,1.0
AON,XNYS,USD,US,1.0
USB,XNYS,USD,US,1.0
PSA,XNYS,USD,US,1.0
MCK,XNYS,USD,US,1.0
CSX,XNYS,USD,US,1.0
GD,XNYS,USD,US,1.0
APD,XNYS,USD,US,1.0
ORLY,XNYS,USD,US,1.0
MAR,XNYS,USD,US,1.0
AJG,XNYS,USD,US,1.0
WELL,XNYS,USD,US,1.0
ROP,XNYS,USD,US,1.0
HCA,XNYS,USD,US,1.0
NXPI,XNYS,USD,US,1.0
AZO,XNYS,USD,US,1.0
AFL,XNYS,USD,US,1.0
CTAS,XNYS,USD,US,1.0
OKE,XNYS,USD,US,1.0
SRE,XNYS,USD,US,1.0
ECL,XNYS,USD,US,1.0
TRV,XNYS,USD,US,1.0
PCAR,XNYS,USD,US,1.0
F,XNYS,USD,US,1.0
GM,XNYS,USD,US,1.0
DAL,XNYS,USD,US,1.0
WBD,XNYS,USD,US,1.0
GEV,XNYS,USD,US,1.0
GEHC,XNYS,USD,US,1.0
SOLV,XNYS,USD,US,1.0
KVUE,XNYS,USD,US,1.0
MMM,XNYS,USD,US,1.0
SMCI,XNYS,USD,US,1.0
DECK,XNYS,USD,US,1.0
FAST,XNYS,USD,US,1.0
XRX,XNYS,USD,US,1.0
AMC,XNYS,USD,US,1.0
SHEL.L,XLON,GBp,EU,0.01
AZN.L,XLON,GBp,EU,0.01
HSBA.L,XLON,GBp,EU,0.01
ULVR.L,XLON,GBp,EU,0.01
BP.L,XLON,GBp,EU,0.01
RIO.L,XLON,GBp,EU,0.01
GSK.L,XLON,GBp,EU,0.01
DGE.L,XLON,GBp,EU,0.01
REL.L,XLON,GBp,EU,0.01
BATS.L,XLON,GBp,EU,0.01
LSEG.L,XLON,GBp,EU,0.01
NG.L,XLON,GBp,EU,0.01
BARC.L,XLON,GBp,EU,0.01
LLOY.L,XLON,GBp,EU,0.01
VOD.L,XLON,GBp,EU,0.01
GLEN.L,XLON,GBp,EU,0.01
AAL.L,XLON,GBp,EU,0.01
PRU.L,XLON,GBp,EU,0.01
TSCO.L,XLON,GBp,EU,0.01
BA.L,XLON,GBp,EU,0.01
SAP.DE,XETR,EUR,EU,1.0
SIE.DE,XETR,EUR,EU,1.0
ALV.DE,XETR,EUR,EU,1.0
DTE.DE,XETR,EUR,EU,1.0
BAS.DE,XETR,EUR,EU,1.0
BAYN.DE,XETR,EUR,EU,1.0
BMW.DE,XETR,EUR,EU,1.0
MC.PA,XPAR,EUR,EU,1.0
OR.PA,XPAR,EUR,EU,1.0
TTE.PA,XPAR,EUR,EU,1.0
SAN.PA,XPAR,EUR,EU,1.0
AIR.PA,XPAR,EUR,EU,1.0
BNP.PA,XPAR,EUR,EU,1.0
ASML.AS,XAMS,EUR,EU,1.0
